iterations,no_log,disabled,console,file
1000,0.00001,0.00008,0.00593,0.11020
10000,0.00009,0.00069,0.05321,1.20262
100000,0.00091,0.00688,0.54509,13.76679
